Student              , ID      , Email
"Hutcheson, Cody"    , 10063797, c.hutcheson@example.edu
"Nahikian, Carolyn"  , 24535133, cnahikian@example.edu
"Doe, John"          , 10254789, j.doe@example.edu
"Smith, Jane"        , 10543910, j.smith@example.edu
"Martin, Robert"     , 10264590, r.martin@example.edu
"Perez, Maria"       , 10938450, m.perez@example.edu
"Watson, Emma"       , 10564578, e.watson@example.edu
"Johnson, William"   , 10965321, w.johnson@example.edu
"Brown, Michael"     , 10965432, m.brown@example.edu
"Taylor, Angela"     , 10789345, a.taylor@example.edu
"White, Karen"       , 10012356, k.white@example.edu
"Williams, Kevin"    , 10789012, k.williams@example.edu
"Jones, Linda"       , 10654321, l.jones@example.edu
"Lee, David"         , 10987654, d.lee@example.edu
"Kim, James"         , 10765432, j.kim@example.edu
"Chen, Jessica"      , 10876543, j.chen@example.edu
"Park, Brian"        , 11009876, b.park@example.edu
"Miller, Grace"      , 10567891, g.miller@example.edu
"Wilson, Joseph"     , 10678901, j.wilson@example.edu
"Moore, Shirley"     , 10456780, s.moore@example.edu
"Young, Patricia"    , 10876541, p.young@example.edu
"Thomas, Richard"    , 10345678, r.thomas@example.edu
"Hall, Nancy"        , 10456789, n.hall@example.edu
"Allen, Frank"       , 10765430, f.allen@example.edu
"Clark, Jennifer"    , 10345681, j.clark@example.edu
"King, Daniel"       , 10567821, d.king@example.edu
"Rodriguez, Susan"   , 10789032, s.rodriguez@example.edu
"Garcia, Benjamin"   , 10543220, b.garcia@example.edu
"Lewis, Stephanie"   , 10865432, s.lewis@example.edu
"Roberts, Mark"      , 10234561, m.roberts@example.edu
"Carter, Laura"      , 10345690, l.carter@example.edu
"Mitchell, Jason"    , 10987661, j.mitchell@example.edu
"Wright, Amanda"     , 10223456, a.wright@example.edu
"Peters, Gary"       , 10765441, g.peters@example.edu
"Collins, Emily"     , 10567830, e.collins@example.edu
"Green, Ronald"      , 10678931, r.green@example.edu
"Adams, Rebecca"     , 10876551, r.adams@example.edu
"Hill, Paul"         , 10234571, p.hill@example.edu
"Cook, Anna"         , 10345701, a.cook@example.edu
"Rivera, Raymond"    , 10765451, r.rivera@example.edu
"Baker, Elizabeth"   , 10567840, e.baker@example.edu
"Turner, Nicholas"   , 10678940, n.turner@example.edu
"Phillips, Christina", 10876560, c.phillips@example.edu
"Harris, Edward"     , 10234580, e.harris@example.edu
"Martinez, Sandra"   , 10345710, s.martinez@example.edu
"Long, Timothy"      , 10765460, t.long@example.edu
"Robinson, Barbara"  , 10567850, b.robinson@example.edu
"Foster, Andrew"     , 10678950, a.foster@example.edu
"Howard, Michelle"   , 10876570, m.howard@example.edu
